Workbook
Name _DF400: {"サーバ別",#N/A,FALSE,"業務改造"}
Name a: {"サーバ別",#N/A,FALSE,"業務改造"}
Name a_: {"サーバ別",#N/A,FALSE,"業務改造"}
Name aa: {#N/A,#N/A,FALSE,"担当"}
Name aaa: {"Ｍ系全体",#N/A,FALSE,"業務改造";"サーバ別",#N/A,FALSE,"業務改造"}
Name aaaaaaa: {#N/A,#N/A,FALSE,"担当"}
Name aaaaaaaa: {"Ｍ系全体",#N/A,FALSE,"業務改造";"サーバ別",#N/A,FALSE,"業務改造"}
Name afee: {#N/A,#N/A,FALSE,"担当"}
Name aher: {"Ｍ系全体",#N/A,FALSE,"業務改造";"サーバ別",#N/A,FALSE,"業務改造"}
Name ｂｂ: {#N/A,#N/A,FALSE,"担当"}
Name bbbbb: {#N/A,#N/A,FALSE,"担当"}
Name bt: {"Ｍ系全体",#N/A,FALSE,"業務改造";"サーバ別",#N/A,FALSE,"業務改造"}
Name bvrt: {"サーバ別",#N/A,FALSE,"業務改造"}
Name da: {"Ｍ系全体",#N/A,FALSE,"業務改造";"担当",#N/A,FALSE,"担当"}
Name djyg: {"サーバ別",#N/A,FALSE,"業務改造"}
Name dmhn: {"Ｍ系全体",#N/A,FALSE,"業務改造";"サーバ別",#N/A,FALSE,"業務改造"}
Name dmng: {"Ｍ系全体",#N/A,FALSE,"業務改造"}
Name dtmnf: {"Ｍ系全体",#N/A,FALSE,"業務改造";"担当",#N/A,FALSE,"担当"}
Name eeawt: {"サーバ別",#N/A,FALSE,"業務改造"}
Name eet: {"Ｍ系全体",#N/A,FALSE,"業務改造";"サーバ別",#N/A,FALSE,"業務改造"}
Name er: {#N/A,#N/A,FALSE,"担当"}
Name ere: {"サーバ別",#N/A,FALSE,"業務改造"}
Name ert: {"Ｍ系全体",#N/A,FALSE,"業務改造";"サーバ別",#N/A,FALSE,"業務改造"}
Name ertjy: {"Ｍ系全体",#N/A,FALSE,"業務改造"}
Name ertyj: {"HCDN_注釈以外",#N/A,FALSE,"10.0対応";"HCDN_注釈",#N/A,FALSE,"10.0対応";"HCDN_注釈以外",#N/A,FALSE,"9.0対応";"HCDN_注釈",#N/A,FALSE,"9.0対応";#N/A,#N/A,FALSE,"ﾏﾆｭｱﾙ一覧";#N/A,#N/A,FALSE,"ﾏﾆｭｱﾙ一覧 (2)"}
Name ete: {"Ｍ系全体",#N/A,FALSE,"業務改造"}
Name etrh: {"Ｍ系全体",#N/A,FALSE,"業務改造"}
Name eytryj: {#N/A,#N/A,FALSE,"担当"}
Name f: {#N/A,#N/A,FALSE,"担当"}
Name fa: {#N/A,#N/A,FALSE,"担当"}
Name faea: {"Ｍ系全体",#N/A,FALSE,"業務改造";"サーバ別",#N/A,FALSE,"業務改造"}
Name feer: {"Ｍ系全体",#N/A,FALSE,"業務改造";"サーバ別",#N/A,FALSE,"業務改造"}
Name ｆｆｆ: {"Ｍ系全体",#N/A,FALSE,"業務改造";"サーバ別",#N/A,FALSE,"業務改造"}
Name ffg: {"Ｍ系全体",#N/A,FALSE,"業務改造";"サーバ別",#N/A,FALSE,"業務改造"}
Name fgh: {"サーバ別",#N/A,FALSE,"業務改造"}
Name ft: {"HCDN_注釈以外",#N/A,FALSE,"10.0対応";"HCDN_注釈",#N/A,FALSE,"10.0対応";"HCDN_注釈以外",#N/A,FALSE,"9.0対応";"HCDN_注釈",#N/A,FALSE,"9.0対応";#N/A,#N/A,FALSE,"ﾏﾆｭｱﾙ一覧";#N/A,#N/A,FALSE,"ﾏﾆｭｱﾙ一覧 (2)"}
Name gaer: {"Ｍ系全体",#N/A,FALSE,"業務改造";"サーバ別",#N/A,FALSE,"業務改造"}
Name geds: {"Ｍ系全体",#N/A,FALSE,"業務改造"}
Name gee: {"サーバ別",#N/A,FALSE,"業務改造"}
Name geerera: {"Ｍ系全体",#N/A,FALSE,"業務改造";"サーバ別",#N/A,FALSE,"業務改造"}
Name ggr: {"Ｍ系全体",#N/A,FALSE,"業務改造"}
Name ggre: {"サーバ別",#N/A,FALSE,"業務改造"}
Name greshr: {"Ｍ系全体",#N/A,FALSE,"業務改造";"担当",#N/A,FALSE,"担当"}
Name hb: {"Ｍ系全体",#N/A,FALSE,"業務改造";"サーバ別",#N/A,FALSE,"業務改造"}
Name he: {"Ｍ系全体",#N/A,FALSE,"業務改造"}
Name hfdr: {#N/A,#N/A,FALSE,"担当"}
Name hg: {"Ｍ系全体",#N/A,FALSE,"業務改造";"サーバ別",#N/A,FALSE,"業務改造"}
Name hgf: {"サーバ別",#N/A,FALSE,"業務改造"}
Name hhhhhhhhhh: {#N/A,#N/A,FALSE,"担当"}
Name hhrg: {"Ｍ系全体",#N/A,FALSE,"業務改造";"サーバ別",#N/A,FALSE,"業務改造"}
Name hjg: {"Ｍ系全体",#N/A,FALSE,"業務改造";"サーバ別",#N/A,FALSE,"業務改造"}
Name hsrd: {#N/A,#N/A,FALSE,"担当"}
Name hsrtb: {"サーバ別",#N/A,FALSE,"業務改造"}
Name htht: {#N/A,#N/A,FALSE,"担当"}
Name HTML1_1: "'[MILLE999.xls]価格表（社外出力） (2)'!$A$1:$E$225"
Name HTML1_10: ""
Name HTML1_11: 1
Name HTML1_12: "J:\Ｎ技２\IWASHITA\MyHTML.htm"
Name HTML1_2: 1
Name HTML1_3: "MILLE999.xls"

Sheet ①商品マスタ(mst.txt)
A1: 項目マッピング表 — sinops-W 商品マスタ（【倉庫コード】mst.txt）20項目
A2: sinops-W（倉庫向け）↔ TRIAL 基本マスタ（PRODUCTS マスタ４次商品マスタ）/ 全件更新・差分更新
A3: 判定凡例： ○ 直接マッピング可 △ 変換・加工が必要 ✕ GAPあり（要対応） ― 固定値またはNULL設定
A4: sinops No. | B4: 必須 | C4: sinops 項目名 | D4: sinops 型/桁 | E4: FMT内容 | F4: TRIAL 項目名 （PRODUCTS） | G4: TRIAL 型/桁 | H4: 判定 | I4: 変換ルール・留意事項
A5: ◆ 商品識別・名称
A6: 1 | B6: ○ | C6: 品番 | D6: 文字/100 | F6: JAN (ProductCD) | G6: 固定長/char/20 | H6: △ | I6: 商品マスタのJANになります。(sinops:13桁、TRIAL：20桁)
A7: 2 | B7: ○ | C7: 品名 | D7: 文字/100 | F7: 商品名称(漢字) (ProductName) | G7: 可変長 | H7: ○ | I7: 直接マッピング可。TRIALのProductName（商品名称漢字）を使用。
A8: 3 | C8: 単位 | D8: 文字/100 | F8: ― (固定値) | G8: ― | H8: ― | I8: sinops-Wマッピング仕様に「空白」固定と明記。空文字列で設定。
A9: 4 | C9: メーカー名 | D9: 文字/100 | F9: メーカーコード | G9: char/6 | H9: △ | I9: ・GAPあり。合意意見も記入しています。
A10: ◆ 仕入・価格
A11: 5 | B11: ○ | C11: 仕入先コード | D11: 文字/100 | F11: 店別調達 ベンダーCD (SupplierCD) | G11: 固定長/char/9 | H11: △ | I11: sinops （30仕入先コード＋31仕入先コード枝番） 【商品マスタ統合プロジェクト】課題から設計内容の確認が必要
A12: 6 | B12: ○ | C12: 仕入単価 | D12: 数値(8,2)/11 | E12: 0.01～99999999.99 | F12: 店別調達 原価 (CostPrice) | G12: 可変長 | H12: 〇 | I12: sinopsは数値(8,2)（円.小数2桁）。
A13: 7 | C13: 粗利 | D13: 数値(8,2)/11 | E13: 0.01～99999999.99 | F13: ― (固定値) | G13: ― | H13: ― | I13: 「0.01」固定値。sinops-Wマッピング仕様に明記。
A14: ◆ 在庫・発注コスト（固定値群）
A15: 8 | C15: 初期在庫 | D15: 整数値/1 | E15: 0 | F15: ― (固定値) | G15: ― | H15: ― | I15: 「0」固定値。sinops-Wマッピング仕様に明記。
A16: 9 | C16: 荷役費用／回 | D16: 整数値/8 | E16: 1～99999999 | F16: ― (固定値) | G16: ― | H16: ― | I16: 「1」固定値。sinops-Wマッピング仕様に明記。
A17: 10 | C17: 年間保管費用／個 | D17: 整数値/8 | E17: 1～99999999 | F17: ― (固定値) | G17: ― | H17: ― | I17: 「1」固定値。sinops-Wマッピング仕様に明記。
A18: 11 | B18: ○ | C18: 現在庫数 | D18: 整数値/8 | E18: -99999999～99999999 ※１ | F18: センター在庫 在庫数 | G18: 数値型/7桁 | H18: △ | I18: 重要：基本マスタとは別ファイルからの結合が必要。-99999999～99999999の範囲チェック。 【WMS統合】予定がないので、どうやって取れるか要確認 | J18: データ元の調査が必要
A19: ◆ 商品分類（カテゴリ）
A20: 12 | C20: カテゴリ | D20: 整数値/8 | E20: 部門+ 中分類+ 小分類 | F20: 部門CD+ミニ部門CD+品種CD (DepartmentCD+SubDeptCD+VarietyCD) | G20: 固定長/各char/4 | H20: △ | I20: 【生成ロジック必要】階層に応じてコードを結合して生成する。 ・大分類(階層0)：部門のみ 例:「0011」 ・中分類(階層1)：部門+中分類(4+4=8桁) 例:「00110001」 ・小分類(階層2)：部門+中分類+小分類(4+4+4=12桁) 例:「001100010201」。結合後の値が0～99999999の8桁整数部超のオーバーフロー確認
A21: 13 | C21: 最低発注数 | D21: 整数値/8 | F21: ― (固定値) | G21: ― | H21: ― | I21: NULL固定。sinops-Wマッピング仕様に明記。 トライアル店別調達には最小発注数がある、今後運用上これを利用していくかどうか要確認
A22: 14 | C22: 重量 | D22: 数値(16,3) | E22: 0.000～9999999999999999.999 | F22: 梱包重量(外箱) | G22: 可変長 | H22: △ | I22: 生鮮系(チルド？PC)は別で管理している。 梱包重量(外箱)しか持っていない | J22: 運用上でどういう目的で使っているか確認した上で設定していく
A23: ◆ リードタイム・発注設定
A24: 15 | C24: 追加L/T | D24: 整数値/1 | E24: 0～9 | F24: ― (固定値) | G24: ― | H24: ― | I24: 「0」固定値。sinops-Wマッピング仕様に明記。
A25: 16 | B25: ○ | C25: L/T | D25: 整数値/3 | E25: 0～365(0の場合は、インポート時に 1 に変換する） | F25: ― (固定値) | G25: ― | H25: ― | I25: 「0」固定値 TRIALは別のテーブルで管理している、ここを利用しているか確認必要 sinops 15 ＋ 半角スペース ＋ 調達期間 (リードタイム/日) から調達期間（リードタイム/日）のみ抽出し格納 | J25: どうやって使っているか要確認
A26: 18 | C26: 発注ロット | D26: 整数値/8 | E26: 1～99999999 | F26: 店別調達 発注単位数 (OrderUnitQty) | G26: 可変長 | H26: △ | I26: TRIALのOrderUnitQty（発注単位数）を使用。 要確認 | J26: パック入数か発注単位数か商品入数(外箱)か検討が必要
A27: ◆ 更新区分・その他
A28: 17 | C28: 更新削除 | D28: 文字/40 | E28: ”削除”、”新商品”、”更新”、“新商品更新”、”部分変更” ※２ | F28: ― (ロジック制御) | G28: ― | H28: △ | I28: 「削除」「新商品」「更新」「新商品更新」「部分変更」のいずれかを設定。sinops-W内で在庫管理する場合は「部分変更」固定。TRIALのDelFlag(=1)→「削除」。 実際の判断内容は要確認. | J28: 区別条件を要確認
A29: 19 | C29: 予備１ | D29: 整数値/15 | E29: 000000000000000、700000000000000 ※３ | F29: 店別調達 (適用)発注停止フラグ | G29: 固定長/char/1 | H29: × | I29: 000000000000000（通常品）または700000000000000（店舗発注停止品）を設定。 | J29: TCから同期していないので、データ元は？ 現状どうやって利用しているか、確認してから設定内容確定
A30: 20 | C30: 備考 | D30: 文字/100 | F30: ― (固定値) | G30: ― | H30: ― | I30: 「0」固定値。sinops-Wマッピング仕様に明記。

Sheet ③判定サマリ
A1: 項目マッピング 判定サマリ
A2: ファイル区分 | B2: 判定 | C2: 件数 | D2: 割合 | E2: 主な内容・対応方針
A3: sinops-W 商品マスタ 【倉庫コード】mst.txt (20項目) | B3: ○ 直接マッピング可 | C3: 1項目 | D3: 5% | E3: 品名(ProductName) — 直接マッピング可（結合処理要確認）
A4: sinops-W 商品マスタ 【倉庫コード】mst.txt (20項目) | B4: △ 変換・加工が必要 | C4: 8項目 | D4: 40% | E4: 品番トリム・原価スケール変換(÷1000)・仕入先CD結合・カテゴリCD結合・現在庫数結合・重量変換・発注ロット変換・更新削除ロジック
A5: sinops-W 商品マスタ 【倉庫コード】mst.txt (20項目) | B5: ✕ GAPあり | C5: 1項目 | D5: 5% | E5: L/T（リードタイム）：TRIALの基本マスタに対応項目なし。暫定0固定または別途調査
A6: sinops-W 商品マスタ 【倉庫コード】mst.txt (20項目) | B6: ― 固定値/NULL | C6: 10項目 | D6: 50% | E6: 単位=空白・粗利=0.01・初期在庫=0・荷役費用=1・年間保管費用=1・追加L/T=0・最低発注数=NULL・備考=0 他

Sheet マッピング(旧参照用)
B2: IF変換仕様書 | D2: 名 称 | F2: 概 要
D3: =[1]商品マスタ!D1 -> #ERROR! | F3: =[1]商品マスタ!C4 -> #ERROR!
F5: 変換後ファイル名 | J5: ファイル形式 | N5: レコード作成条件
F6: =[1]商品マスタ!D2 -> #ERROR! | J6: TSV | N6: マスタ内に現在庫が含まれるため全件更新が必要
B7: ■マッピングシート
D9: 変換元データ
B10: No | C10: W項目名 | D10: テーブル名 | E10: 項目名 | F10: 固定値 | G10: 受領サンプルデータ | H10: 型 | I10: 項目長 | J10: Key | K10: 必須 | L10: データ型 | M10: 最大桁数 | N10: 区分・範囲 | O10: 編集仕様
B11: 1 | C11: =[1]商品マスタ!D7 -> #ERROR! | D11: 店別商品マスタファイル | E11: （2商品コード） | H11: 英数字型 | I11: 14 | J11: =[1]商品マスタ!B7 -> #ERROR! | K11: =[1]商品マスタ!C7 -> #ERROR! | L11: =[1]商品マスタ!G7 -> #ERROR! | M11: =[1]商品マスタ!H7 -> #ERROR! | N11: =[1]商品マスタ!F7 -> #ERROR!
B12: 2 | C12: =[1]商品マスタ!D8 -> #ERROR! | D12: 基本商品マスタファイル | E12: （10商品名上段＋11商品名下段） | H12: 英数字型 | I12: 28+22 | J12: =[1]商品マスタ!B8 -> #ERROR! | K12: =[1]商品マスタ!C8 -> #ERROR! | L12: =[1]商品マスタ!G8 -> #ERROR! | M12: =[1]商品マスタ!H8 -> #ERROR! | N12: =[1]商品マスタ!F8 -> #ERROR!
B13: 3 | C13: =[1]商品マスタ!D9 -> #ERROR! | F13: 空白 | J13: =[1]商品マスタ!B9 -> #ERROR! | K13: =[1]商品マスタ!C9 -> #ERROR! | L13: =[1]商品マスタ!G9 -> #ERROR! | M13: =[1]商品マスタ!H9 -> #ERROR! | N13: =[1]商品マスタ!F9 -> #ERROR!
B14: 4 | C14: =[1]商品マスタ!D10 -> #ERROR! | D14: 基本商品マスタファイル | E14: （34メーカーコード） | H14: 英数字型 | I14: 6 | J14: =[1]商品マスタ!B10 -> #ERROR! | K14: =[1]商品マスタ!C10 -> #ERROR! | L14: =[1]商品マスタ!G10 -> #ERROR! | M14: =[1]商品マスタ!H10 -> #ERROR! | N14: =[1]商品マスタ!F10 -> #ERROR!
B15: 5 | C15: =[1]商品マスタ!D11 -> #ERROR! | D15: 店別商品マスタファイル | E15: （30仕入先コード＋31仕入先コード枝番） | H15: 英数字型 | I15: 6+3 | J15: =[1]商品マスタ!B11 -> #ERROR! | K15: =[1]商品マスタ!C11 -> #ERROR! | L15: =[1]商品マスタ!G11 -> #ERROR! | M15: =[1]商品マスタ!H11 -> #ERROR! | N15: =[1]商品マスタ!F11 -> #ERROR!
B16: 6 | C16: =[1]商品マスタ!D12 -> #ERROR! | D16: 店別商品マスタファイル | E16: （19原価） | H16: 数値型 | I16: 9.2 | J16: =[1]商品マスタ!B12 -> #ERROR! | K16: =[1]商品マスタ!C12 -> #ERROR! | L16: =[1]商品マスタ!G12 -> #ERROR! | M16: =[1]商品マスタ!H12 -> #ERROR! | N16: =[1]商品マスタ!F12 -> #ERROR! | O16: 0データを0.01に変換
B17: 7 | C17: =[1]商品マスタ!D13 -> #ERROR! | F17: 0.01 | J17: =[1]商品マスタ!B13 -> #ERROR! | K17: =[1]商品マスタ!C13 -> #ERROR! | L17: =[1]商品マスタ!G13 -> #ERROR! | M17: =[1]商品マスタ!H13 -> #ERROR! | N17: =[1]商品マスタ!F13 -> #ERROR!
B18: 8 | C18: =[1]商品マスタ!D14 -> #ERROR! | F18: 0 | J18: =[1]商品マスタ!B14 -> #ERROR! | K18: =[1]商品マスタ!C14 -> #ERROR! | L18: =[1]商品マスタ!G14 -> #ERROR! | M18: =[1]商品マスタ!H14 -> #ERROR! | N18: =[1]商品マスタ!F14 -> #ERROR!
B19: 9 | C19: =[1]商品マスタ!D15 -> #ERROR! | F19: 1 | J19: =[1]商品マスタ!B15 -> #ERROR! | K19: =[1]商品マスタ!C15 -> #ERROR! | L19: =[1]商品マスタ!G15 -> #ERROR! | M19: =[1]商品マスタ!H15 -> #ERROR! | N19: =[1]商品マスタ!F15 -> #ERROR!
B20: 10 | C20: =[1]商品マスタ!D16 -> #ERROR! | F20: 1 | J20: =[1]商品マスタ!B16 -> #ERROR! | K20: =[1]商品マスタ!C16 -> #ERROR! | L20: =[1]商品マスタ!G16 -> #ERROR! | M20: =[1]商品マスタ!H16 -> #ERROR! | N20: =[1]商品マスタ!F16 -> #ERROR!
B21: 11 | C21: =[1]商品マスタ!D17 -> #ERROR! | D21: 在庫データファイル（W向け） | E21: （5在庫数） | H21: 数値型 | I21: 7 | J21: =[1]商品マスタ!B17 -> #ERROR! | K21: =[1]商品マスタ!C17 -> #ERROR! | L21: =[1]商品マスタ!G17 -> #ERROR! | M21: =[1]商品マスタ!H17 -> #ERROR! | N21: =[1]商品マスタ!F17 -> #ERROR!
B22: 12 | C22: =[1]商品マスタ!D18 -> #ERROR! | D22: 基本商品マスタファイル | E22: （4）分類コード3（部門）+ （5）分類コード4（中分類）+ （6）分類コード5（小分類） | H22: 英数字型 | I22: 2 2 4 | J22: =[1]商品マスタ!B18 -> #ERROR! | K22: =[1]商品マスタ!C18 -> #ERROR! | L22: =[1]商品マスタ!G18 -> #ERROR! | M22: =[1]商品マスタ!H18 -> #ERROR! | N22: =[1]商品マスタ!F18 -> #ERROR!
B23: 13 | C23: =[1]商品マスタ!D19 -> #ERROR! | F23: NULL | J23: =[1]商品マスタ!B19 -> #ERROR! | K23: =[1]商品マスタ!C19 -> #ERROR! | L23: =[1]商品マスタ!G19 -> #ERROR! | M23: =[1]商品マスタ!H19 -> #ERROR! | N23: =[1]商品マスタ!F19 -> #ERROR!
B24: 14 | C24: =[1]商品マスタ!D20 -> #ERROR! | D24: 基本商品マスタファイル | E24: （78 アイテム重量単位：ｋｇ） | H24: 数値型 | I24: 11.4 | J24: =[1]商品マスタ!B20 -> #ERROR! | K24: =[1]商品マスタ!C20 -> #ERROR! | L24: =[1]商品マスタ!G20 -> #ERROR! | M24: =[1]商品マスタ!H20 -> #ERROR! | N24: =[1]商品マスタ!F20 -> #ERROR! | O24: 小数4桁目は切り捨て
B25: 15 | C25: =[1]商品マスタ!D21 -> #ERROR! | F25: 0 | J25: =[1]商品マスタ!B21 -> #ERROR! | K25: =[1]商品マスタ!C21 -> #ERROR! | L25: =[1]商品マスタ!G21 -> #ERROR! | M25: =[1]商品マスタ!H21 -> #ERROR! | N25: =[1]商品マスタ!F21 -> #ERROR!
B26: 16 | C26: =[1]商品マスタ!D22 -> #ERROR! | F26: 0 | J26: =[1]商品マスタ!B22 -> #ERROR! | K26: =[1]商品マスタ!C22 -> #ERROR! | L26: =[1]商品マスタ!G22 -> #ERROR! | M26: =[1]商品マスタ!H22 -> #ERROR! | N26: =[1]商品マスタ!F22 -> #ERROR! | O26: 15 ＋ 半角スペース ＋ 調達期間 (リードタイム/日) から調達期間（リードタイム/日）のみ抽出し格納
B27: 17 | C27: =[1]商品マスタ!D23 -> #ERROR! | J27: =[1]商品マスタ!B23 -> #ERROR! | K27: =[1]商品マスタ!C23 -> #ERROR! | L27: =[1]商品マスタ!G23 -> #ERROR! | M27: =[1]商品マスタ!H23 -> #ERROR! | N27: =[1]商品マスタ!F23 -> #ERROR!
B28: 18 | C28: =[1]商品マスタ!D24 -> #ERROR! | D28: 店別商品マスタファイル | E28: （71ベンダーパック入数） | H28: 数値型 | I28: 3 | J28: =[1]商品マスタ!B24 -> #ERROR! | K28: =[1]商品マスタ!C24 -> #ERROR! | L28: =[1]商品マスタ!G24 -> #ERROR! | M28: =[1]商品マスタ!H24 -> #ERROR! | N28: =[1]商品マスタ!F24 -> #ERROR!
B29: 19 | C29: =[1]商品マスタ!D25 -> #ERROR! | J29: =[1]商品マスタ!B25 -> #ERROR! | K29: =[1]商品マスタ!C25 -> #ERROR! | L29: =[1]商品マスタ!G25 -> #ERROR! | M29: =[1]商品マスタ!H25 -> #ERROR! | N29: =[1]商品マスタ!F25 -> #ERROR!
B30: 20 | C30: =[1]商品マスタ!D26 -> #ERROR! | J30: =[1]商品マスタ!B26 -> #ERROR! | K30: =[1]商品マスタ!C26 -> #ERROR! | L30: =[1]商品マスタ!G26 -> #ERROR! | M30: =[1]商品マスタ!H26 -> #ERROR! | N30: =[1]商品マスタ!F26 -> #ERROR!
C32: ※１ 現在庫数をSINOPS内で管理する場合は”” （ヌル文字)で固定
C33: ※２ 現在庫数をSINOPS内で管理する場合は”部分変更”で固定
C34: （読み込み済みレコードの削除＝”削除”・新商品の表示＝”新商品”・
C35: 読み込み済みレコードの更新＝”更新”・“新商品更新”・一部の項目の更新をする＝”部分変更”）
C36: ※３ 000000000000000：通常品、700000000000000：店舗発注停止品
B38: ■基幹出力方式
B39: 全件出力
B40: ※処理時間短縮のため、MD基幹／商品マスタ．自動補充対象フラグがOFFのデータは連携対象外にしていただく
B41: ■sinops取込方式
B42: 差分更新
B44: ■必要タイミング
B45: 取込結果は即日反映いたしますので、分類の変更などが発生する場合には
B46: 実際に分類が切り替わるタイミングで変更後データの連携をおこなってください。
