Workbook

Sheet まとめ
A1: 採用案：Cloud Run Jobs（全環境稼働時）
A2: GKE・常駐サービス・Cloud SQL・LB は申請しない。Cloud Run 稼働は dev 2.5h/月、stg 20h/月、prod 3h/日（90h/月）。元データ保管は prod 30日、stg／dev 7日。年額＝影響要素の月額×12。
A4: NO. | B4: サービス | C4: 用途 | D4: dev（円/年） | E4: stg（円/年） | F4: prod（円/年） | G4: 3環境合計 | H4: 備考
A5: 1 | B5: Cloud Run-Service | C5: 常駐処理。本件は対象外 | D5: 0 | E5: 0 | F5: 0 | G5: =SUM(D5:F5) -> 0 | H5: 申請しない
A6: 2 | B6: Cloud Run-Job | C6: 日次バッチ（取得・変換・最終TXT配置） | D6: =GCP_各サービス影響要素_Ver3!D11*12 -> 1790.1 | E6: =GCP_各サービス影響要素_Ver3!D12*12 -> 14320.8 | F6: =GCP_各サービス影響要素_Ver3!D13*12 -> 64443.6 | G6: =SUM(D6:F6) -> 80554.5 | H6: 4 vCPU / 16 GiB
A7: 3 | B7: Cloud SQL | C7: データベース。本件は対象外 | D7: 0 | E7: 0 | F7: 0 | G7: =SUM(D7:F7) -> 0 | H7: 永続は GCS のみ
A8: 4 | B8: GCS | C8: 本PJ landing の元データ保管 | D8: =GCP_各サービス影響要素_Ver3!D16*12 -> 2199.375 | E8: =GCP_各サービス影響要素_Ver3!D17*12 -> 6598.125 | F8: =GCP_各サービス影響要素_Ver3!D18*12 -> 52785 | G8: =SUM(D8:F8) -> 61582.5 | H8: prod 30日／stg・dev 7日
A9: 5 | B9: リージョン間転送 | C9: 大阪 → 東京 | D9: =GCP_各サービス影響要素_Ver3!D21*12 -> 7650 | E9: =GCP_各サービス影響要素_Ver3!D22*12 -> 45900 | F9: =GCP_各サービス影響要素_Ver3!D23*12 -> 183600 | G9: =SUM(D9:F9) -> 237150 | H9: 費用の大半
A10: 集計 | D10: =SUM(D5:D9) -> 11639.475 | E10: =SUM(E5:E9) -> 66818.925 | F10: =SUM(F5:F9) -> 300828.6 | G10: =SUM(G5:G9) -> 379287
A11: 合計 | G11: =G10 -> 379287 | H11: 円/年

Sheet GKEと比較
A1: 3案比較（年間） SCM連携クラウド機 prod 保管30日
A2: 左が採用案。稼働は prod 90h・stg 20h・dev 2.5h／月。GCS と大阪→東京転送は3案同じ。クラスタ管理費は Autopilot も Standard も同じ（3クラスタ、Free tier は prod）。
A4: 案 | B4: 位置づけ | C4: 月額 | D4: 年額
A5: Cloud Run Jobs | B5: 採用 | C5: =F11 -> 31607.25 | D5: =G11 -> 379287
A6: GKE Autopilot（3クラスタ） | B6: 参考・申請しない | C6: =F12 -> 53213.005 | D6: =G12 -> 638556.06
A7: GKE Standard 常駐 ×3 | B7: 参考・申請しない | C7: =F13 -> 108607.85 | D7: =G13 -> 1303294.2
A9: 月額の内訳
A10: 構成 | B10: 計算費 | C10: クラスタ管理 | D10: GCS | E10: 転送 | F10: 月合計 | G10: 年合計
A11: Cloud Run Jobs（採用） | B11: =GCP_各サービス影響要素_Ver3!D11+GCP_各サービス影響要素_Ver3!D12+GCP_各サービス影響要素_Ver3!D13 -> 6712.875 | C11: — | D11: =GCP_各サービス影響要素_Ver3!D16+GCP_各サービス影響要素_Ver3!D17+GCP_各サービス影響要素_Ver3!D18 -> 5131.875 | E11: =GCP_各サービス影響要素_Ver3!D21+GCP_各サービス影響要素_Ver3!D22+GCP_各サービス影響要素_Ver3!D23 -> 19762.5 | F11: =B11+D11+E11 -> 31607.25 | G11: =F11*12 -> 379287
A12: GKE Autopilot（3クラスタ） | B12: =GCP_各サービス影響要素_Ver3!D27+GCP_各サービス影響要素_Ver3!D28+GCP_各サービス影響要素_Ver3!D29 -> 4603.63 | C12: =GCP_各サービス影響要素_Ver3!D32+GCP_各サービス影響要素_Ver3!D33+GCP_各サービス影響要素_Ver3!D34 -> 23715 | D12: =D11 -> 5131.875 | E12: =E11 -> 19762.5 | F12: =SUM(B12:E12) -> 53213.005 | G12: =F12*12 -> 638556.06
A13: GKE Standard 常駐 ×3 | B13: =GCP_各サービス影響要素_Ver3!D37+GCP_各サービス影響要素_Ver3!D38+GCP_各サービス影響要素_Ver3!D39 -> 59998.472 | C13: =C12 -> 23715 | D13: =D11 -> 5131.875 | E13: =E11 -> 19762.5 | F13: =SUM(B13:E13) -> 108607.85 | G13: =F13*12 -> 1303294.2
A15: 採用案の環境別（年額）
A16: NO. | B16: サービス | C16: 用途 | D16: dev（円/年） | E16: stg（円/年） | F16: prod（円/年） | G16: 備考
A17: 1 | B17: Cloud Run-Service | C17: 常駐なし | D17: =まとめ!D5 -> 0 | E17: =まとめ!E5 -> 0 | F17: =まとめ!F5 -> 0 | G17: 申請しない
A18: 2 | B18: Cloud Run-Job | C18: 日次バッチ | D18: =まとめ!D6 -> 1790.1 | E18: =まとめ!E6 -> 14320.8 | F18: =まとめ!F6 -> 64443.6 | G18: 4 vCPU / 16 GiB
A19: 3 | B19: Cloud SQL | C19: なし | D19: =まとめ!D7 -> 0 | E19: =まとめ!E7 -> 0 | F19: =まとめ!F7 -> 0 | G19: 永続は GCS のみ
A20: 4 | B20: GCS | C20: landing 保管 | D20: =まとめ!D8 -> 2199.375 | E20: =まとめ!E8 -> 6598.125 | F20: =まとめ!F8 -> 52785 | G20: prod 30日／stg・dev 7日
A21: 5 | B21: リージョン間転送 | C21: 大阪→東京 | D21: =まとめ!D9 -> 7650 | E21: =まとめ!E9 -> 45900 | F21: =まとめ!F9 -> 183600 | G21: 費用の大半
A22: 合計 | D22: =SUM(D17:D21) -> 11639.475 | E22: =SUM(E17:E21) -> 66818.925 | F22: =SUM(F17:F21) -> 300828.6 | G22: =D22+E22+F22 -> 379287

Sheet GCP_各サービス影響要素_Ver3
B1: SCM連携クラウド機 GCP概算（月額）
B2: 出典：Pricing Calculator 公式試算（2026-09-24）＋顧客指定の prod 保管30日（1,200 GiB）。Cloud Run 稼働は dev 2.5h/月、stg 20h/月、prod 3h/日（30日＝90h/月）。stg／dev は保管7日。GKE は東京公開単価。STS／Workflows／Scheduler／Logging／Monitoring、seiyu-trial-data-exchange の保管・egress は未計上。
B4: 環境 | C4: 保管 | D4: 保管 GiB | E4: 月額 | F4: 年額
B5: dev | C5: 7日 | D5: =G16 -> 50 | E5: =D11+D16+D21 -> 969.95625 | F5: =E5*12 -> 11639.475
B6: stg | C6: 7日 | D6: =G17 -> 150 | E6: =D12+D17+D22 -> 5568.2437 | F6: =E6*12 -> 66818.925
B7: prod | C7: 30日 | D7: =G18 -> 1200 | E7: =D13+D18+D23 -> 25069.05 | F7: =E7*12 -> 300828.6
B8: 合計 | C8: 26 | D8: 26 | E8: =SUM(E5:E7) -> 31607.25 | F8: =SUM(F5:F7) -> 379287
B10: 1 | C10: Cloud Run-Job（採用） | D10: 見積(月) | E10: 前提 | F10: vCPU | G10: Memory GiB | H10: 時間/月
C11: dev | D11: 149.175 | E11: CPU＋Memory。 | F11: 4 | G11: 16 | H11: 2.5
C12: stg | D12: 1193.4 | E12: CPU＋Memory。 | F12: 4 | G12: 16 | H12: 20
C13: prod | D13: 5370.3 | E13: CPU＋Memory。 | F13: 4 | G13: 16 | H13: 90
B15: 2 | C15: GCS Standard（本PJ landing） | D15: 見積(月) | E15: 前提 | F15: 保管 | G15: GiB
C16: dev | D16: 183.28125 | E16: asia-northeast1 Standard。 | F16: 7日 | G16: 50
C17: stg | D17: 549.84375 | E17: asia-northeast1 Standard。 | F17: 7日 | G17: 150
C18: prod | D18: 4398.75 | E18: asia-northeast1 Standard。顧客指定。 | F18: 30日 | G18: 1200
B20: 3 | C20: GCS リージョン間転送（大阪→東京） | D20: 見積(月) | E20: 前提 | F20: GiB/月
C21: dev | D21: 637.5 | E21: Inter Region within Asia。 | F21: 50
C22: stg | D22: 3825 | E22: Inter Region within Asia。 | F22: 300
C23: prod | D23: 15300 | E23: Inter Region within Asia。 | F23: 1200
B25: 参考：GKE（比較用・採用しない）。クラスタ管理費は Autopilot も Standard も同じ前提（3クラスタ、Free tier は prod）。
B26: 4 | C26: Autopilot Pod（Job 時のみ） | D26: 見積(月) | E26: 前提
C27: dev | D27: 102.32 | E27: 4 vCPU / 16 GiB × 2.5h。$0.0445/vCPU時、$0.0049225/GiB時。
C28: stg | D28: 818.42 | E28: 4 vCPU / 16 GiB × 20h。
C29: prod | D29: 3682.89 | E29: 4 vCPU / 16 GiB × 90h（3h/日 × 30日）。
B31: 5 | C31: GKE クラスタ管理費 | D31: 見積(月) | E31: 前提
C32: dev | D32: 11857.5 | E32: $0.10/時 × 744h × ¥159.375
C33: stg | D33: 11857.5 | E33: $0.10/時 × 744h × ¥159.375
C34: prod | D34: 0 | E34: Free tier（$74.40）を prod に充当
B36: 6 | C36: GKE Standard ノード（e2-standard-4 常駐） | D36: 見積(月) | E36: 前提 | F36: 台数 | G36: 時間/月
C37: dev | D37: 19999.491 | E37: 東京 $0.1719/時 × 730h × ¥159.375。常時起動。ブートディスク／LB／Logging 未計上。 | F37: 1 | G37: 730
C38: stg | D38: 19999.491 | E38: dev と同じ単価。各環境 1 台。 | F38: 1 | G38: 730
C39: prod | D39: 19999.491 | E39: dev と同じ単価。各環境 1 台。 | F39: 1 | G39: 730
B41: 26 | C41: Standard 3台 月額合計（ノードのみ） | D41: =SUM(D37:D39) -> 59998.472

Sheet データ保留期間
A1: データ保留期間
A2: 本PJ に置く元データだけが保管対象。最終 TXT は seiyu-trial-data-exchange へ渡し、本PJ には残さない。
A4: 分類 | B4: 環境 | C4: 保留期間（日） | D4: 備考
A5: 本PJ GCS 元データ | B5: prod | C5: 30 | D5: source-landing/MD_DATA/。試算入力 1,200 GiB。
A6: 本PJ GCS 元データ | B6: stg | C6: 7 | D6: 7 日案と同じ容量 150 GiB。
A7: 本PJ GCS 元データ | B7: dev | C7: 7 | D7: 7 日案と同じ容量 50 GiB。
A8: 処理中の一時領域 | B8: 全環境 | C8: 0 | D8: Cloud Run のエフェメラル。ジョブ終了で消える。
A9: 最終 TXT の本PJ 側コピー | B9: 全環境 | C9: 0 | D9: 結果は本PJ GCS に重複保存しない。
A10: seiyu-trial-data-exchange 上の結果 | B10: 相手先 | C10: — | D10: 本概算の保管対象外。
